msa_pos1,msa_pos2,pdb_prot_pos1,pdb_prot_pos2,mutual_information
276,310,0,34,1.89199548703902
276,608,0,331,1.8416091768810514
310,541,34,265,1.8262452584026092
563,607,287,330,1.7885356433508348
310,563,34,287,1.760495029766198
310,607,34,330,1.760495029766198
276,334,0,58,1.727248606263921
276,578,0,302,1.669180336866731
334,608,58,331,1.6691803368667308
276,569,0,293,1.6220127943984866
